les,el
miserables,miserables
victor,Victor
volume,volumen
fantine,Fantine
preface,Prefacio
long,largo
exist,Existen
virtue,virtud
law,Ley
custom,personalizado
decrees,decretos
damnation,Damnation
society,sociedad
artificially,artificialmente
creating,crear
hells,infiernos
civilization,civilización
earth,tierra
adding,Agregar
element,elemento
human,humano
fate,destino
divine,divina
destiny,destino
long,largo
great,gran
problems,problemas
centurythe,centurythe
degradation,degradación
man,uno
pauperism,pauperismo
corruption,corrupción
woman,mujer
hunger,hambre
crippling,lisiar
children,niños
lack,falta
lightare,lightare
so,por lo que
long,largo
social,social
asphyxia,asfixia
is,es
possible,posible
part,parte
worldin,Mundo
other,otros
words,palabras
still,todavía
wider,más amplia
significance,significado
so,por lo que
long,largo
ignorance,ignorancia
poverty,pobreza
exist,Existen
earth,tierra
books,libros
nature,naturaleza
les,el
miserables,miserables
not,no
fail,Fail
be,ser
use,uso
hauteville,Hauteville
house,Casa
fantine,Fantine
book,libro
firsta,firsta
just,sólo
man,uno
chapter,capítulo
im,En
myriel,Myriel
m,m
charlesfrancoisbienvenu,charlesfrancoisbienvenu
myriel,Myriel
was,fue
bishop,Obispo
d,d
was,fue
old,viejo
man,uno
about,Acerca de
seventyfive,seventyfive
years,años
age,edad
had,había
see,Ver
d,d
detail,detalle
has,ha
connection,conexión
whatever,cualquiera que sea
real,real
substance,sustancia
relate,se relacionan con
not,no
be,ser
superfluous,superfluo
merely,simplemente
sake,Sake
exactness,exactitud
points,puntos
mention,mención
here,aquí
various,varios
rumors,rumores
remarks,observaciones
had,había
circulation,tráfico
very,muy
moment,momento
arrived,llegó
diocese,Diócesis
true,true
false,falso
is,es
men,hombres
often,a menudo
occupies,ocupa
important,importante
place,lugar
lives,vive
destinies,destinos
m,m
myriel,Myriel
was,fue
son,sonido
councillor,Concejal
parliament,Parlamento
aix,AIX
hence,por lo tanto
belonged,perteneció
nobility,nobleza
bar,Bar
was,fue
father,padre
destining,destinar
be,ser
heir,heredero
own,propia
post,Exponer
had,había
very,muy
early,temprano
age,edad
eighteen,dieciocho
twenty,veinte
accordance,acuerdo
custom,personalizado
is,es
rather,más bien
widely,ampliamente
prevalent,frecuente
parliamentary,parlamentaria
families,familias
spite,rencor
marriage,matrimonio
however,sin embargo
was,fue
charles,Charles
great,gran
deal,Deal
talk,charla
was,fue
well,bien
rather,más bien
short,corto
stature,estatura
elegant,elegante
graceful,agraciado
intelligent,inteligente
whole,conjunto
first,primera
portion,porción
life,vida
had,había
world,mundo
gallantry,gallardía
revolution,Revolución
came,vino
events,eventos
other,otros
precipitation,precipitación
parliamentary,parlamentaria
families,familias
were,fueron
m,m
charles,Charles
italy,Italia
very,muy
beginning,principio
revolution,Revolución
wife,esposa
died,murió
malady,mal
chest,pecho
had,había
long,largo
had,había
children,niños
took,tomó
place,lugar
fate,destino
m,m
myriel,Myriel
ruin,ruina
french,Francés
society,sociedad
olden,antiguos
days,días
fall,caída
own,propia
family,familia
tragic,trágico
spectacles,muestra
were,fueron
perhaps,tal vez
even,incluso
more,más
alarming,alarmante
emigrants,emigrantes
distance,distancia
magnifying,lupa
powers,poderes
terrordid,terrordid
cause,causa
ideas,ideas
renunciation,renuncia
solitude,Soledad
germinate,germinar
was,fue
midst,medio
distractions,distracciones
affections,afecciones
life,vida
suddenly,de repente
mysterious,misterioso
terrible,terrible
blows,golpes
sometimes,a veces
striking,pulso
heart,corazón
man,uno
public,público
catastrophes,desastres
not,no
shake,Shake
striking,pulso
existence,existencia
fortune,fortuna
one,uno
have,han
was,fue
was,fue
returned,volvió
italy,Italia
was,fue
priest,sacerdote
m,m
myriel,Myriel
was,fue
cure,curación
b,b
brignolles,brignolles
was,fue
already,ya
years,años
lived,vivió
very,muy
manner,manera
epoch,época
coronation,coronación
petty,pequeños
affair,asunto
connected,conectado
curacyjust,curacyjust
is,es
not,no
precisely,precisamente
knowntook,knowntook
paris,París
other,otros
powerful,potente
persons,personas
whom,quien
went,fue
solicit,solicitar
aid,ayuda
parishioners,feligreses
was,fue
m,m
le,el
cardinal,Cardenal
fesch,Nifty
day,día
emperor,Emperador
had,había
visit,visita
uncle,tío
worthy,digna
cure,curación
was,fue
waiting,espera
anteroom,antesala
found,encontrados
present,presente
majesty,Majestad
passed,pasado
napoleon,Napoleón
finding,encontrar
observed,observado
certain,ciertos
curiosity,curiosidad
old,viejo
man,uno
turned,vuelta
round,Ronda
said,dijo
abruptly,abruptamente
is,es
good,buena
man,uno
is,es
staring,mirando
m,m
myriel,Myriel
looking,mirando
good,buena
man,uno
great,gran
man,uno
profit,beneficio
very,muy
evening,noche
emperor,Emperador
asked,preguntó
cardinal,Cardenal
name,nombre
cure,curación
time,tiempo
afterwards,luego
myriel,Myriel
was,fue
utterly,completamente
learn,aprender
had,había
bishop,Obispo
d,d
truth,verdad
was,fue
there,allí
stories,historias
were,fueron
early,temprano
portion,porción
m,m
myriels,myriels
one,uno
knew,sabía
very,muy
few,pocos
families,familias
had,había
myriel,Myriel
family,familia
revolution,Revolución
m,m
myriel,Myriel
had,había
undergo,someterse a
fate,destino
newcomer,recién llegado
little,poco
many,muchos
mouths,Bocas
very,muy
few,pocos
heads,cabezas
was,fue
undergo,someterse a
was,fue
bishop,Obispo
was,fue
bishop,Obispo
rumors,rumores
name,nombre
was,fue
were,fueron
rumors,rumores
sayings,refranes
words,palabras
less,menos
wordspalabres,wordspalabres
energetic,energética
language,idioma
south,sur
expresses,expresa
however,sin embargo
be,ser
years,años
episcopal,Episcopal
power,potencia
residence,residencia
d,d
stories,historias
subjects,temas
conversation,conversación
engross,entre
petty,pequeños
towns,ciudades
petty,pequeños
people,personas
outset,principio
had,había
profound,profundo
oblivion,olvido
one,uno
have,han
mention,mención
one,uno
have,han
recall,Recall
m,m
myriel,Myriel
had,había
d,d
accompanied,acompañado
elderly,ancianos
spinster,solterona
mademoiselle,Mademoiselle
baptistine,baptistine
was,fue
sister,hermana
years,años
junior,Junior
only,sólo
domestic,nacionales
was,fue
female,mujer
servant,criado
same,mismo
age,edad
mademoiselle,Mademoiselle
baptistine,baptistine
named,el nombre
madame,Señora
magloire,Magloire
having,tener
servant,criado
m,m
le,el
cure,curación
now,ahora
assumed,asume
double,doble
title,Título
maid,Maid
mademoiselle,Mademoiselle
housekeeper,ama de casa
monseigneur,Obispo
mademoiselle,Mademoiselle
baptistine,baptistine
was,fue
long,largo
pale,pálido
thin,fina
gentle,suave
creature,criatura
realized,se dio cuenta de
ideal,ideal
expressed,expresó
word,Palabra
respectable,respetable
seems,parece
woman,mujer
needs,necesidades
be,ser
mother,madre
order,orden
be,ser
venerable,venerable
had,había
never,nunca
pretty,bonita
whole,conjunto
life,vida
had,había
nothing,nada
succession,sucesión
holy,Santo
deeds,obras
finally,Finalmente
sort,tipo
pallor,palidez
transparency,transparencia
advanced,avanzado
years,años
had,había
be,ser
beauty,belleza
goodness,bondad
had,había
leanness,delgadez
youth,Juventud
had,había
transparency,transparencia
maturity,madurez
diaphaneity,diafanidad
allowed,permitido
angel,Ángel
be,ser
was,fue
soul,alma
rather,más bien
virgin,Virgen
person,persona
seemed,parecía
shadow,sombra
was,fue
hardly,apenas
sufficient,suficiente
body,cuerpo
provide,proporcionar
sex,sexo
little,poco
matter,materia
enclosing,adjuntando
light,luz
large,grande
eyes,ojos
forever,para siempre
mere,más
pretext,pretexto
souls,almas
remaining,restante
earth,tierra
madame,Señora
magloire,Magloire
was,fue
little,poco
fat,grasa
white,Blanco
old,viejo
woman,mujer
corpulent,corpulento
bustling,llena
always,siempre
breathin,Talking
first,primera
place,lugar
activity,actividad
next,siguiente
asthma,asma
arrival,llegada
m,m
myriel,Myriel
was,fue
episcopal,Episcopal
palace,Palacio
honors,honores
imperial,Imperial
decrees,decretos
class,clase
bishop,Obispo
immediately,inmediatamente
majorgeneral,majorgeneral
mayor,mayor
president,Presidente
paid,pagado
first,primera
call,llamada
turn,vuelta
first,primera
call,llamada
general,General
prefect,prefecto
installation,instalación
town,ciudad
waited,esperado
see,Ver
bishop,Obispo
work,trabajo
chapter,capítulo
iim,miÃ ©
myriel,Myriel
becomes,se convierte en
m,m
welcome,Bienvenido
episcopal,Episcopal
palace,Palacio
d,d
adjoins,Linda
hospital,Hospital
episcopal,Episcopal
palace,Palacio
was,fue
huge,enorme
beautiful,hermosa
house,Casa
built,construido
stone,piedra
beginning,principio
last,pasado
century,siglo
m,m
henri,Henri
puget,Puget
doctor,Doctor
theology,teología
faculty,Facultad
paris,París
had,había
bishop,Obispo
d,d
palace,Palacio
was,fue
genuine,genuino
seignorial,señorial
residence,residencia
everything,todo
had,había
grand,Grand
airthe,airthe
apartments,apartamentos
bishop,Obispo
drawingrooms,drawingrooms
chambers,cámaras
principal,principal
courtyard,patio
was,fue
very,muy
large,grande
walks,paseos
encircling,cerco
arcades,arcadas
old,viejo
florentine,Florentino
fashion,moda
gardens,jardines
planted,plantado
magnificent,magnífico
trees,árboles
diningroom,comedor
long,largo
superb,excelente
gallery,Galería
was,fue
groundfloor,planta baja
opened,abierto
gardens,jardines
henri,Henri
puget,Puget
had,había
state,Estado
july,Julio
lords,señores
charles,Charles
genlis,Genlis
prince,Príncipe
dembrun,dembrun
antoine,Antoine
mesgrigny,Mesgrigny
capuchin,capuchino
bishop,Obispo
grasse,grasa
philippe,Philippe
vendome,Vendôme
grand,Grand
prior,previa
france,Francia
abbe,Abbe
saint,Saint
de,de
lerins,Lérins
francois,Francois
berton,Berton
crillon,Crillon
bishop,Obispo
baron,Barón
vence,GANA
cesar,Cesar
sabran,sabran
forcalquier,Forcalquier
bishop,Obispo
seignor,Samy
glandeve,glandeve
jean,Jean
soanen,soanen
priest,sacerdote
oratory,Oratorio
preacher,predicador
ordinary,ordinario
king,Rey
bishop,Obispo
seignor,Samy
senez,Senez
portraits,Retratos
reverend,Reverendo
personages,personajes
decorated,decorado
apartment,Apartamento
memorable,memorable
date,fecha
29th,29
july,Julio
was,fue
there,allí
letters,Letras
gold,oro
table,tabla
white,Blanco
marble,mármol
hospital,Hospital
was,fue
low,baja
narrow,estrecho
building,edificio
single,solo
story,historia
small,pequeño
garden,jardín
days,días
arrival,llegada
bishop,Obispo
visited,visitó
hospital,Hospital
visit,visita
ended,terminó
had,había
director,Director
requested,solicitados
be,ser
so,por lo que
good,buena
come,como
house,Casa
director,Director
hospital,Hospital
said,dijo
many,muchos
sick,enfermo
people,personas
present,presente
moment,momento
twentysix,veintiséis
monseigneur,Obispo
was,fue
number,número
counted,contado
said,dijo
bishop,Obispo
beds,camas
pursued,perseguido
director,Director
very,muy
much,mucho
other,otros
is,es
observed,observado
halls,salas
nothing,nada
rooms,habitaciones
is,es
difficulty,dificultad
air,aire
be,ser
seems,parece
then,entonces
is,es
ray,Ray
sun,sol
garden,jardín
is,es
very,muy
small,pequeño
convalescents,convalecientes
was,fue
said,dijo
case,caso
epidemicswe,epidemicswe
typhus,fiebre tifoidea
fever,fiebre
year,año
had,había
sweating,sudoración
sickness,enfermedad
years,años
ago,hace
patients,pacientes
timeswe,timeswe
know,saber
not,no
do,de
is,es
thought,pensamiento
occurred,ocurrió
have,han
director,Director
resign,renunciar
ones,unos
conversation,conversación
took,tomó
place,lugar
gallery,Galería
diningroom,comedor
groundfloor,planta baja
bishop,Obispo
remained,seguía siendo
silent,silencioso
moment,momento
then,entonces
turned,vuelta
abruptly,abruptamente
director,Director
hospital,Hospital
said,dijo
many,muchos
beds,camas
think,pensar
hall,Hall
alone,solo
hold,Hold
monseigneurs,monseigneurs
diningroom,comedor
exclaimed,exclamó
director,Director
bishop,Obispo
cast,Reparto
glance,mirada
round,Ronda
apartment,Apartamento
seemed,parecía
be,ser
taking,tomando
measures,medidas
calculations,cálculos
eyes,ojos
hold,Hold
full,completo
twenty,veinte
beds,camas
said,dijo
speaking,habla
then,entonces
raising,crianza
voice,voz
hold,Hold
monsieur,Sr.
director,Director
hospital,Hospital
tell,Dile
something,algo
is,es
evidently,Evidentemente
mistake,error
here,aquí
small,pequeño
rooms,habitaciones
here,aquí
room,Habitación
sixty,sesenta
is,es
mistake,error
house,Casa
yours,tuyo
give,dar
back,Atrás
house,Casa
home,Inicio
here,aquí
following,siguientes
day,día
thirtysix,Treintayseis
patients,pacientes
were,fueron
bishops,obispos
palace,Palacio
bishop,Obispo
was,fue
hospital,Hospital
m,m
myriel,Myriel
had,había
property,propiedad
family,familia
having,tener
revolution,Revolución
sister,hermana
was,fue
receipt,recibo
yearly,anual
income,ingresos
francs,francos
personal,personal
wants,Quiero
vicarage,Vicaría
m,m
myriel,Myriel
received,recibido
state,Estado
quality,calidad
bishop,Obispo
salary,salario
francs,francos
very,muy
day,día
took,tomó
abode,morada
hospital,Hospital
m,m
myriel,Myriel
settled,colocado
disposition,disposición
sum,suma
once,una vez
following,siguientes
manner,manera
here,aquí
note,Nota
own,propia
hand,mano
note,Nota
regulation,Reglamento
household,hogar
expenses,gastos
little,poco
seminary,Seminario
livres,libros
society,sociedad
mission,Misión
lazarists,Lazaristas
montdidier,Montdidier
seminary,Seminario
foreign,extranjeros
missions,misiones
paris,París
congregation,Congregación
holy,Santo
spirit,Espíritu
religious,religioso
establishments,establecimientos
holy,Santo
charitable,caridad
maternity,maternidad
societies,sociedades
extra,extra
arles,Arles
work,trabajo
amelioration,mejoramiento
prisons,prisiones
work,trabajo
relief,socorro
delivery,entrega
prisoners,presos
liberate,liberar
fathers,padres
families,familias
debt,deuda
addition,Además
salary,salario
poor,pobre
teachers,profesores
diocese,Diócesis
public,público
granary,granero
hautesalpes,hautesalpes
congregation,Congregación
ladies,señoras
d,d
manosque,Manosque
sisteron,Sisteron
gratuitous,gratuito
instruction,instrucción
poor,pobre
girls,niñas
poor,pobre
personal,personal
expenses,gastos
total,total
m,m
myriel,Myriel
made,hecho
change,cambio
arrangement,arreglo
entire,todo
period,período
occupied,ocupado
see,Ver
d,d
has,ha
called,llamado
regulating,regulación
household,hogar
expenses,gastos
arrangement,arreglo
was,fue
absolute,absoluta
submission,Presentación
mademoiselle,Mademoiselle
baptistine,baptistine
holy,Santo
woman,mujer
regarded,Mira
monseigneur,Obispo
d,d
same,mismo
time,tiempo
brother,hermano
bishop,Obispo
friend,amigo
according,según
flesh,carne
superior,superior
according,según
church,Iglesia
simply,simplemente
loved,Amado
bowed,se inclinó
acted,actuado
yielded,rindió
adherence,adherencia
only,sólo
servant,criado
madame,Señora
magloire,Magloire
grumbled,se quejó
little,poco
be,ser
bishop,Obispo
had,había
only,sólo
thousand,mil
livres,libros
added,añadido
pension,Pension
mademoiselle,Mademoiselle
baptistine,baptistine
made,hecho
francs,francos
year,año
fifteen,quince
francs,francos
old,viejo
women,mujeres
old,viejo
man,uno
subsisted,subsistido
village,aldea
curate,cura
came,vino
d,d
bishop,Obispo
still,todavía
means,significa
entertain,entretener
thanks,Gracias
severe,severa
economy,economía
madame,Señora
magloire,Magloire
intelligent,inteligente
administration,Administración
mademoiselle,Mademoiselle
baptistine,baptistine
day,día
had,había
d,d
months,meses
bishop,Obispo
said,dijo
still,todavía
quite,bastante
think,pensar
so,por lo que
madame,Señora
magloire,Magloire
has,ha
not,no
even,incluso
allowance,subsidio
department,Departamento
owes,debe
expense,gasto
carriage,carro
town,ciudad
journeys,viajes
diocese,Diócesis
was,fue
customary,consuetudinario
bishops,obispos
former,ex
days,días
hold,Hold
cried,-exclamó
bishop,Obispo
quite,bastante
right,derecho
madame,Señora
magloire,Magloire
made,hecho
demand,demanda
time,tiempo
afterwards,luego
general,General
council,Consejo
took,tomó
demand,demanda
consideration,consideración
voted,votado
annual,anual
sum,suma
francs,francos
heading,partida
allowance,subsidio
m,m
bishop,Obispo
expenses,gastos
carriage,carro
expenses,gastos
posting,registro
expenses,gastos
pastoral,pastoral
visits,visitas
great,gran
outcry,protesta
local,local
burgesses,ciudadanos
senator,Senador
empire,Imperio
former,ex
member,miembro
council,Consejo
brumaire,Brumario
was,fue
magnificent,magnífico
senatorial,senatorial
office,Oficina
vicinity,vecindad
town,ciudad
d,d
wrote,escribió
m,m
bigot,Bigot
preameneu,Preameneu
minister,Ministro
public,público
worship,adoración
very,muy
angry,enojado
confidential,confidencial
note,Nota
subject,Asunto
authentic,auténtico
lines,líneas
expenses,gastos
carriage,carro
be,ser
town,ciudad
less,menos
thousand,mil
inhabitants,habitantes
expenses,gastos
journeys,viajes
is,es
use,uso
trips,viajes
first,primera
place,lugar
posting,registro
be,ser
mountainous,montañosa
parts,piezas
roads,caminos
one,uno
travels,viajes
otherwise,de lo contrario
horseback,caballo
even,incluso
bridge,Puente
durance,Durance
chateauarnoux,chateauarnoux
barely,apenas
support,apoyo
oxteams,oxteams
priests,sacerdotes
thus,así
greedy,codiciosos
avaricious,avaro
man,uno
played,jugado
good,buena
priest,sacerdote
first,primera
came,vino
now,ahora
does,hace
rest,resto
have,han
carriage,carro
postingchaise,postingchaise
have,han
luxuries,lujos
bishops,obispos
olden,antiguos
days,días
oh,Oh
priesthood,sacerdocio
things,cosas
not,no
go,Go
well,bien
m,m
le,el
comte,Condado
emperor,Emperador
has,ha
blackcapped,blackcapped
rascals,bribones
pope,Papa
matters,Asuntos
were,fueron
getting,conseguir
rome,Roma
part,parte
caesar,Caesar
alone,solo
etc,etc.
etc,etc.
other,otros
hand,mano
affair,asunto
afforded,que brinda
great,gran
delight,delicia
madame,Señora
magloire,Magloire
good,buena
said,dijo
mademoiselle,Mademoiselle
baptistine,baptistine
monseigneur,Obispo
began,comenzó
other,otros
people,personas
has,ha
wind,viento
has,ha
charities,organizaciones benéficas
now,ahora
here,aquí
thousand,mil
francs,francos
last,pasado
same,mismo
evening,noche
bishop,Obispo
wrote,escribió
handed,manos
sister,hermana
memorandum,Memorando
following,siguientes
terms,términos
expenses,gastos
carriage,carro
circuit,circuito
furnishing,objeto de decoración
meat,carne
soup,sopa
patients,pacientes
hospital,Hospital
livres,libros
maternity,maternidad
charitable,caridad
society,sociedad
aix,AIX
maternity,maternidad
charitable,caridad
society,sociedad
draguignan,Draguignan
foundlings,expósitos
orphans,huérfanos
total,total
such,tales
was,fue
m,m
myriels,myriels
chance,oportunidad
episcopal,Episcopal
perquisites,requisitos previos
fees,honorarios
marriage,matrimonio
bans,prohibiciones
dispensations,dispensaciones
private,privado
baptisms,bautizos
sermons,sermones
benedictions,bendiciones
churches,iglesias
chapels,capillas
marriages,matrimonios
bishop,Obispo
levied,impuestos
wealthy,Rico
more,más
asperity,aspereza
bestowed,otorgado
needy,necesitados
time,tiempo
offerings,Ofertas
money,dinero
had,había
knocked,golpeado
m,m
myriels,myriels
latter,este último
search,búsqueda
alms,limosna
former,ex
came,vino
deposit,depósito
less,menos
year,año
bishop,Obispo
had,había
treasurer,Tesorero
benevolence,benevolencia
cashier,Cajero
distress,señal de socorro
considerable,considerable
sums,sumas
money,dinero
hands,manos
nothing,nada
induce,inducir
make,hacer
change,cambio
whatever,cualquiera que sea
mode,modo
life,vida
add,Añadir
anything,nada
superfluous,superfluo
bare,sólo
necessities,necesidades
far,ahora
is,es
always,siempre
more,más
wretchedness,miseria
is,es
brotherhood,Hermandad
was,fue
away,distancia
so,por lo que
speak,hablar
was,fue
was,fue
water,agua
dry,seco
soil,suelo
matter,materia
much,mucho
money,dinero
received,recibido
never,nunca
had,había
then,entonces
stripped,despojado
usage,uso
being,ser
bishops,obispos
announce,Anunciar
baptismal,bautismal
names,nombres
head,cabeza
charges,cargos
pastoral,pastoral
letters,Letras
poor,pobre
people,personas
countryside,campo
had,había
sort,tipo
affectionate,cariñoso
instinct,instinto
names,nombres
prenomens,prenomens
bishop,Obispo
had,había
meaning,significado
never,nunca
anything,nada
monseigneur,Obispo
bienvenu,Bienvenido
welcome,Bienvenido
follow,Siga
example,ejemplo
also,también
call,llamada
thus,así
occasion,oportunidad
name,nombre
moreover,por otra parte
appellation,denominación de origen
pleased,satisfechos
name,nombre
said,dijo
bienvenu,Bienvenido
makes,hace
monseigneur,Obispo
not,no
claim,reclamación
portrait,Retrato
herewith,por la presente
presented,presentado
is,es
probable,probable
ourselves,nosotros mismos
stating,indicando
resembles,se asemeja a
original,Texto original en
chapter,capítulo
iiia,IIIA
hard,duro
bishopric,Obispado
good,buena
bishop,Obispo
bishop,Obispo
did,hizo
not,no
omit,omitir
pastoral,pastoral
visits,visitas
had,había
carriage,carro
alms,limosna
diocese,Diócesis
d,d
is,es
fatiguing,fatiga
very,muy
few,pocos
plains,Llanos
great,gran
many,muchos
mountains,montañas
hardly,apenas
roads,caminos
just,sólo
curacies,curacies
fortyone,fortyone
vicarships,vicarships
eightyfive,eightyfive
auxiliary,auxiliar
chapels,capillas
visit,visita
is,es
quite,bastante
task,tarea
bishop,Obispo
managed,logró
do,de
went,fue
foot,pie
was,fue
neighborhood,barrio
springcart,springcart
was,fue
plain,llano
donkey,burro
mountains,montañas
old,viejo
women,mujeres
accompanied,acompañado
trip,viaje
was,fue
too,demasiado
hard,duro
went,fue
alone,solo
day,día
arrived,llegó
senez,Senez
is,es
ancient,antigua
episcopal,Episcopal
city,ciudad
was,fue
ass,culo
purse,monedero
was,fue
very,muy
dry,seco
moment,momento
did,hizo
not,no
permit,permiso
other,otros
equipage,equipo
mayor,mayor
town,ciudad
came,vino
receive,recibir
gate,puerta
town,ciudad
watched,visto
ass,culo
scandalized,escandalizar
eyes,ojos
citizens,ciudadanos
were,fueron
laughing,riendo
mayor,mayor
said,dijo
bishop,Obispo
messieurs,Caballeros
citizens,ciudadanos
very,muy
arrogant,arrogante
poor,pobre
priest,sacerdote
ride,Paseo
animal,animal
was,fue
jesus,Jesús
christ,Cristo
so,por lo que
necessity,necesidad
not,no
vanity,vanidad
course,curso
trips,viajes
was,fue
kind,clase
indulgent,indulgente
talked,habló
rather,más bien
never,nunca
went,fue
far,ahora
search,búsqueda
arguments,argumentos
examples,ejemplos
quoted,citado
inhabitants,habitantes
district,Distrito
example,ejemplo
neighboring,los vecinos
district,Distrito
cantons,cantones
were,fueron
harsh,áspero
poor,pobre
said,dijo
look,mirada
people,personas
briancon,Briançon
poor,pobre
widows,viudas
orphans,huérfanos
right,derecho
have,han
meadows,prados
days,días
advance,Advance
else,otra cosa
houses,casas
gratuitously,gratuitamente
therefore,por lo tanto
is,es
country,país
is,es
god,Dios
whole,conjunto
century,siglo
has,ha
not,no
single,solo
murderer,asesino
villages,pueblos
were,fueron
greedy,codiciosos
profit,beneficio
harvest,cosecha
said,dijo
look,mirada
people,personas
embrun,Embrun
harvest,cosecha
season,temporada
father,padre
family,familia
has,ha
son,sonido
away,distancia
service,servicio
army,Ejército
daughters,hijas
service,servicio
town,ciudad
is,es
ill,enfermo
incapacitated,incapacitado
cure,curación
recommends,recomienda
prayers,oraciones
congregation,Congregación
sunday,Domingo
mass,masa
inhabitants,habitantes
villagemen,villagemen
women,mujeres
childrengo,childrengo
poor,pobre
mans,Mans
field,campo
harvesting,cosecha
carry,llevar
straw,paja
grain,grano
granary,granero
families,familias
questions,Preguntas
money,dinero
inheritance,herencia
said,dijo
look,mirada
mountaineers,montañeros
devolny,devolny
country,país
wild,salvaje
nightingale,Nightingale
is,es
not,no
once,una vez
fifty,cincuenta
years,años
well,bien
father,padre
family,familia
dies,Esto
boys,chicos
seek,buscar
fortunes,fortunas
leaving,dejando
property,propiedad
girls,niñas
so,por lo que
find,encontrar
husbands,maridos
cantons,cantones
had,había
taste,gusto
lawsuits,demandas
farmers,agricultores
ruined,arruinado
stamped,estampado
paper,papel
said,dijo
look,mirada
good,buena
peasants,campesinos
valley,Valle
queyras,Queyras
thousand,mil
souls,almas
mon,mi
dieu,Dios
is,es
little,poco
republic,República
judge,Juez
bailiff,Alguacil
is,es
there,allí
mayor,mayor
does,hace
everything,todo
allots,asigna
imposts,impostas
taxes,impuestos
person,persona
conscientiously,conciencia
judges,jueces
quarrels,peleas
nothing,nada
divides,divide
inheritances,herencias
charge,carga
pronounces,Pronuncia
sentences,oraciones
gratuitously,gratuitamente
is,es
is,es
just,sólo
man,uno
simple,simple
men,hombres
villages,pueblos
found,encontrados
schoolmaster,Maestro
quoted,citado
once,una vez
more,más
people,personas
queyras,Queyras
know,saber
said,dijo
little,poco
country,país
dozen,docena
hearths,hogares
not,no
always,siempre
support,apoyo
teacher,Profesor
schoolmasters,maestros de escuela
whole,conjunto
valley,Valle
make,hacer
round,Ronda
villages,pueblos
spending,gasto
week,semana
one,uno
ten,diez
days,días
instruct,instruir
teachers,profesores
fairs,ferias
there,allí
be,ser
quill,Quill
pens,bolígrafos
cord,cable
hat,ha
reading,lectura
only,sólo
pen,pluma
reading,lectura
reckoning,ajuste de cuentas
pens,bolígrafos
reading,lectura
reckoning,ajuste de cuentas
latin,Latina
pens,bolígrafos
disgrace,vergüenza
be,ser
ignorant,ignorante
do,de
people,personas
queyras,Queyras
thus,así
discoursed,disertó
gravely,gravemente
paternally,paternal
default,por defecto
examples,ejemplos
invented,inventado
parables,parábolas
going,va
directly,directamente
point,punto
few,pocos
phrases,frases
many,muchos
images,imágenes
characteristic,característica
real,real
eloquence,elocuencia
jesus,Jesús
christ,Cristo
being,ser
was,fue
persuasive,persuasivo
chapter,capítulo
ivworks,ivworks
corresponding,correspondiente
words,palabras
conversation,conversación
was,fue
gay,gay
affable,afable
put,poner
level,nivel
old,viejo
women,mujeres
had,había
lives,vive
laughed,se echó a reír
was,fue
laugh,risa
schoolboy,colegial
madame,Señora
magloire,Magloire
liked,le gustaba
call,llamada
grace,gracia
votre,su
grandeur,grandeza
day,día
rose,color de rosa
armchair,Sillón
went,fue
library,Biblioteca
search,búsqueda
book,libro
book,libro
was,fue
upper,superior
shelves,estantes
bishop,Obispo
was,fue
rather,más bien
short,corto
stature,estatura
not,no
reach,alcance
madame,Señora
magloire,Magloire
said,dijo
chair,silla
greatness,grandeza
grandeur,grandeza
does,hace
not,no
reach,alcance
far,ahora
shelf,estante
distant,distante
relatives,familiares
la,la
comtesse,Condesa
lo,lo
rarely,raramente
opportunity,oportunidad
escape,escape
enumerating,la enumeración
presence,presencia
designated,señalado
expectations,expectativas
sons,hijos
had,había
numerous,numerosos
relatives,familiares
were,fueron
very,muy
old,viejo
death,muerte
sons,hijos
were,fueron
natural,natural
heirs,herederos
youngest,más joven
was,fue
receive,recibir
grandaunt,grandaunt
good,buena
thousand,mil
livres,libros
income,ingresos
second,segundo
was,fue
heir,heredero
entail,implican
title,Título
duke,Duque
uncle,tío
eldest,mayor
was,fue
succeed,tener éxito
peerage,Peerage
grandfather,abuelo
bishop,Obispo
was,fue
listen,escuchar
silence,silencio
innocent,inocente
pardonable,pardonable
maternal,materna
boasts,cuenta con
occasion,oportunidad
however,sin embargo
appeared,apareció
be,ser
more,más
thoughtful,pensativo
usual,generalmente
madame,Señora
lo,lo
was,fue
relating,relacionadas con
once,una vez
again,otra vez
details,detalles
inheritances,herencias
expectations,expectativas
interrupted,interrumpido
impatiently,con impaciencia
mon,mi
dieu,Dios
cousin,Primo
thinking,pensamiento
thinking,pensamiento
bishop,Obispo
singular,Singular
remark,observación
is,es
be,ser
st,St
augustineplace,augustineplace
hopes,esperanzas
man,uno
not,no
inherit,heredar
time,tiempo
receiving,recibir
notification,notificación
decease,fallecimiento
gentleman,Caballero
countryside,campo
wherein,en donde
not,no
only,sólo
dignities,dignidades
dead,muertos
man,uno
also,también
feudal,feudal
noble,noble
qualifications,calificaciones
relatives,familiares
entire,todo
page,Página
stout,Stout
back,Atrás
death,muerte
has,ha
exclaimed,exclamó
strange,extraño
burden,carga
titles,títulos
is,es
cheerfully,con alegría
much,mucho
wit,Blanco
men,hombres
have,han
order,orden
thus,así
press,prensa
tomb,tumba
service,servicio
vanity,vanidad
was,fue
occasion,oportunidad
gentle,suave
raillery,chanza
almost,casi
always,siempre
serious,graves
meaning,significado
course,curso
lent,prestado
youthful,juvenil
vicar,Vicario
came,vino
d,d
cathedral,Catedral
was,fue
tolerably,tolerablemente
eloquent,elocuente
subject,Asunto
sermon,sermón
was,fue
charity,caridad
urged,instó a
rich,Rico
give,dar
poor,pobre
order,orden
avoid,evitar
hell,infierno
depicted,representado
most,la mayor parte
frightful,espantoso
manner,manera
was,fue
capable,capaz
win,Victoria
paradise,Paraíso
represented,representado
charming,Alquiler de vacaciones
desirable,deseable
audience,audiencia
there,allí
was,fue
wealthy,Rico
merchant,comerciante
was,fue
somewhat,algo
usurer,usurero
m,m
geborand,geborand
had,había
millions,millones
manufacture,fabricación
coarse,grueso
cloth,paño
serges,Serges
woollen,lana
galloons,marabú
never,nunca
whole,conjunto
life,vida
had,había
m,m
geborand,geborand
bestowed,otorgado
alms,limosna
poor,pobre
wretch,Wretch
delivery,entrega
sermon,sermón
was,fue
gave,dio
sou,AM
sunday,Domingo
poor,pobre
old,viejo
beggarwomen,beggarwomen
door,por
cathedral,Catedral
were,fueron
share,Compartir
day,día
bishop,Obispo
caught,capturado
sight,vista
act,Ley
bestowing,otorgando
charity,caridad
said,dijo
sister,hermana
smile,sonrisa
is,es
m,m
geborand,geborand
purchasing,compra
paradise,Paraíso
sou,AM
was,fue
question,pregunta
charity,caridad
was,fue
not,no
be,ser
even,incluso
refusal,negativa
such,tales
occasions,ocasiones
gave,dio
utterance,elocución
remarks,observaciones
reflection,reflexión
once,una vez
was,fue
begging,mendicidad
poor,pobre
drawingroom,hallé
town,ciudad
there,allí
was,fue
present,presente
marquis,Marqués
champtercier,Champtercier
wealthy,Rico
avaricious,avaro
old,viejo
man,uno
be,ser
same,mismo
time,tiempo
ultraroyalist,ultrarrealista
ultravoltairian,ultravoltairian
variety,variedad
man,uno
has,ha
actually,realmente
bishop,Obispo
came,vino
touched,tocado
arm,brazo
give,dar
something,algo
m,m
le,el
marquis,Marqués
marquis,Marqués
turned,vuelta
round,Ronda
answered,respondió:
dryly,seco
poor,pobre
people,personas
own,propia
monseigneur,Obispo
give,dar
replied,respondió:
bishop,Obispo
day,día
preached,predicado
following,siguientes
sermon,sermón
cathedral,Catedral
very,muy
dear,Estimado
brethren,hermanos
good,buena
friends,amigos
twenty,veinte
thousand,mil
peasants,campesinos
dwellings,viviendas
france,Francia
openings,aberturas
thousand,mil
hovels,cuchitril
openings,aberturas
door,por
window,ventana
thousand,mil
cabins,Cabañas
besides,Además de
opening,apertura
door,por
arises,se presenta
thing,cosa
is,es
tax,impuestos
doors,puertas
windows,Windows
just,sólo
put,poner
poor,pobre
families,familias
old,viejo
women,mujeres
little,poco
buildings,edificios
behold,He aquí
fevers,fiebres
maladies,enfermedades
result,resultado
alas,por desgracia
god,Dios
gives,da
air,aire
men,hombres
law,Ley
sells,vende
not,no
blame,culpa
law,Ley
god,Dios
department,Departamento
isere,Isère
var,fue
departments,departamentos
alpes,Alpes
hautes,alta
basses,Bajo
peasants,campesinos
not,no
even,incluso
wheelbarrows,carretillas
manure,estiércol
backs,espalda
men,hombres
candles,velas
resinous,resinosas
sticks,palillos
bits,brocas
rope,cuerda
dipped,sumergido
pitch,echada
is,es
state,Estado
affairs,Asuntos
whole,conjunto
hilly,montañoso
country,país
dauphine,Dauphine
bread,pan
months,meses
time,tiempo
dried,secado
cowdung,cowdung
winter,invierno
bread,pan
axe,eje
hours,horas
order,orden
render,Render
eatable,comestibles
pity,piedad
suffering,sufrimiento
sides,lados
provencal,provenzal
easily,fácilmente
familiarized,familiarizados
dialect,dialecto
south,sur
said,dijo
be,ser
ses,su
sage,Salvia
lower,inferior
languedoc,Languedoc
anaras,anaras
as,como
bassesalpes,bassesalpes
bouen,bouen
embe,embe
un,uno
bouen,bouen
fromage,queso
grase,grasa
upper,superior
dauphine,Dauphine
people,personas
extremely,extremadamente
contributed,contribuido
not,no
little,poco
win,Victoria
access,acceso
spirits,espíritus
was,fue
perfectly,perfectamente
home,Inicio
thatched,paja
cottage,casa rural
mountains,montañas
understood,entendido
say,decir
grandest,más grande
things,cosas
most,la mayor parte
vulgar,vulgar
idioms,Idiomas
spoke,habló
tongues,lenguas
entered,entró
hearts,corazones
moreover,por otra parte
was,fue
same,mismo
towards,hacia
people,personas
world,mundo
towards,hacia
lower,inferior
classes,clases
condemned,condenado
nothing,nada
haste,prisa
taking,tomando
circumstances,circunstancias
account,cuenta
said,dijo
examine,examinar
road,Road
fault,falla
has,ha
being,ser
described,descrito
smile,sonrisa
exsinner,exsinner
had,había
asperities,asperezas
austerity,austeridad
professed,profesó
good,buena
deal,Deal
distinctness,distinción
frown,fruncir el ceño
ferociously,ferozmente
virtuous,virtuoso
doctrine,doctrina
be,ser
as,como
follows,sigue
man,uno
has,ha
flesh,carne
is,es
once,una vez
burden,carga
temptation,tentación
drags,arrastra
yields,rendimientos
watch,reloj
check,Compruebe
repress,reprimir
obey,obedecer
only,sólo
last,pasado
extremity,extremidad
be,ser
fault,falla
even,incluso
obedience,obediencia
fault,falla
thus,así
is,es
venial,venial
is,es
fall,caída
fall,caída
knees,rodillas
terminate,terminar
prayer,oración
be,ser
saint,Saint
is,es
exception,excepción
be,ser
upright,vertical
man,uno
is,es
rule,regla
err,Err
fall,caída
sin,sin
but,pero
be,ser
least,menos
possible,posible
sin,sin
is,es
law,Ley
man,uno
sin,sin
is,es
dream,sueño
angel,Ángel
is,es
terrestrial,terrestre
is,es
subject,Asunto
sin,sin
sin,sin
is,es
gravitation,gravedad
saw,Sierra
everyone,todo el mundo
exclaiming,exclamando:
very,muy
loudly,fuerte
growing,crecimiento
angry,enojado
very,muy
quickly,rápidamente
oh,Oh
oh,Oh
said,dijo
smile,sonrisa
appearance,aspecto
is,es
great,gran
crime,crimen
world,mundo
commits,se compromete
hypocrisies,hipocresías
fright,susto
haste,prisa
make,hacer
protest,protesta
put,poner
shelter,Refugio
was,fue
indulgent,indulgente
towards,hacia
women,mujeres
poor,pobre
people,personas
burden,carga
human,humano
society,sociedad
rest,resto
said,dijo
faults,fallas
women,mujeres
children,niños
feeble,débil
indigent,indigente
ignorant,ignorante
fault,falla
husbands,maridos
fathers,padres
masters,amos
strong,fuerte
rich,Rico
wise,sabio
said,dijo
moreover,por otra parte
teach,enseñar
ignorant,ignorante
many,muchos
things,cosas
possible,posible
society,sociedad
is,es
culpable,culpable
does,hace
not,no
afford,permitirse
instruction,instrucción
gratis,libre
is,es
responsible,responsable
night,noche
produces,produce
soul,alma
is,es
full,completo
shadow,sombra
sin,sin
is,es
guilty,culpable
is,es
not,no
person,persona
has,ha
sin,sin
person,persona
has,ha
shadow,sombra
be,ser
had,había
peculiar,peculiar
manner,manera
own,propia
judging,juzgar
things,cosas
obtained,obtenidos
gospel,Evangelio
day,día
heard,oído
criminal,Penal
case,caso
was,fue
preparation,preparación
point,punto
trial,ensayo
drawingroom,hallé
man,uno
being,ser
end,final
resources,recursos
had,había
counterfeit,falsos
money,dinero
love,amor
woman,mujer
child,niño
had,había
counterfeiting,falsificación
was,fue
still,todavía
punishable,punible
death,muerte
epoch,época
woman,mujer
had,había
act,Ley
passing,pasando
first,primera
false,falso
piece,pieza
made,hecho
man,uno
was,fue
were,fueron
proofs,pruebas
alone,solo
accuse,acusaciones
lover,amante
destroy,destruir
confession,confesión
denied,negado
insisted,insistió
persisted,persistió
denial,negación
idea,idea
occurred,ocurrió
attorney,abogado
crown,Corona
invented,inventado
infidelity,infidelidad
part,parte
lover,amante
succeeded,tuvo éxito
means,significa
fragments,fragmentos
letters,Letras
cunningly,astuto
persuading,persuadir a
unfortunate,lamentable
woman,mujer
had,había
rival,rival
man,uno
was,fue
deceiving,engañar
jealousy,celos
denounced,denunciado
lover,amante
man,uno
was,fue
was,fue
shortly,poco
be,ser
aix,AIX
accomplice,cómplice
were,fueron
relating,relacionadas con
matter,materia
was,fue
expressing,expresando
enthusiasm,entusiasmo
cleverness,inteligencia
magistrate,Magistrado
bringing,traer
jealousy,celos
play,juego
had,había
truth,verdad
burst,explosión
forth,adelante
wrath,ira
had,había
justice,Justicia
revenge,venganza
bishop,Obispo
listened,escuchado
silence,silencio
had,había
inquired,preguntó
man,uno
woman,mujer
be,ser
court,corte
assizes,assizes
went,fue
advocate,Defensor
crown,Corona
be,ser
tragic,trágico
event,evento
occurred,ocurrió
d,d
man,uno
was,fue
death,muerte
murder,asesinato
was,fue
fellow,Becario
not,no
exactly,exactamente
not,no
exactly,exactamente
ignorant,ignorante
had,había
mountebank,charlatán
fairs,ferias
writer,escritor
public,público
town,ciudad
took,tomó
great,gran
interest,interés
trial,ensayo
eve,Eva
day,día
execution,ejecución
man,uno
chaplain,capellán
prison,prisión
fell,cayó
ill,enfermo
priest,sacerdote
was,fue
attend,asistir a
criminal,Penal
last,pasado
moments,momentos
sent,Enviado
cure,curación
seems,parece
refused,se negó
come,como
saying,diciendo:
is,es
affair,asunto
mine,mina
nothing,nada
do,de
unpleasant,desagradable
task,tarea
mountebank,charlatán
too,demasiado
ill,enfermo
besides,Además de
is,es
not,no
place,lugar
reply,respuesta
was,fue
bishop,Obispo
said,dijo
le,el
cure,curación
is,es
right,derecho
is,es
not,no
place,lugar
is,es
mine,mina
went,fue
instantly,al instante
prison,prisión
descended,descendió
cell,celular
mountebank,charlatán
called,llamado
name,nombre
took,tomó
hand,mano
spoke,habló
passed,pasado
entire,todo
day,día
forgetful,olvidadizo
food,alimentos
sleep,sueño
praying,orando
god,Dios
soul,alma
man,uno
praying,orando
man,uno
own,propia
told,dijo
best,mejor
truths,verdades
also,también
most,la mayor parte
simple,simple
was,fue
father,padre
brother,hermano
was,fue
bishop,Obispo
only,sólo
bless,bendiga
taught,enseñó
everything,todo
encouraged,anima
man,uno
was,fue
point,punto
dying,morir
despair,desesperación
death,muerte
was,fue
abyss,abismo
stood,estaba parado
trembling,temblor
mournful,triste
brink,borde
recoiled,retrocedió
horror,horror
was,fue
not,no
sufficiently,suficientemente
ignorant,ignorante
be,ser
absolutely,absolutamente
indifferent,indiferente
condemnation,condena
had,había
profound,profundo
shock,choque
had,había
manner,manera
here,aquí
separates,se separa
mystery,misterio
things,cosas
life,vida
gazed,Miró
incessantly,incesantemente
world,mundo
fatal,fatal
breaches,infracciones
beheld,VI
only,sólo
darkness,oscuridad
bishop,Obispo
made,hecho
light,luz
following,siguientes
day,día
came,vino
fetch,fetch
unhappy,infeliz
wretch,Wretch
bishop,Obispo
was,fue
still,todavía
there,allí
followed,seguido
exhibited,exhibió
eyes,ojos
crowd,multitud
purple,púrpura
camail,Cain
episcopal,Episcopal
cross,Cruz
neck,cuello
side,lado
side,lado
criminal,Penal
bound,límite
cords,cuerdas
mounted,montado
tumbril,tumbril
mounted,montado
scaffold,andamio
sufferer,víctima
had,había
so,por lo que
gloomy,sombrío
cast,Reparto
preceding,anterior
day,día
was,fue
radiant,radiante
felt,fieltro
soul,alma
was,fue
hoped,la esperanza
god,Dios
bishop,Obispo
embraced,abrazado
moment,momento
knife,cuchillo
was,fue
fall,caída
said,dijo
god,Dios
raises,plantea
dead,muertos
man,uno
slays,Mata a
brothers,hermanos
finds,hallazgos
father,padre
once,una vez
more,más
pray,orar
enter,entrar
life,vida
father,padre
is,es
descended,descendió
scaffold,andamio
there,allí
was,fue
something,algo
look,mirada
people,personas
aside,a un lado
let,Deje que
pass,Pass
did,hizo
not,no
know,saber
was,fue
most,la mayor parte
worthy,digna
admiration,admiración
pallor,palidez
serenity,serenidad
return,retorno
humble,humilde
dwelling,vivienda
designated,señalado
smile,sonrisa
palace,Palacio
said,dijo
sister,hermana
just,sólo
pontifically,pontifically
most,la mayor parte
sublime,sublime
things,cosas
often,a menudo
least,menos
understood,entendido
there,allí
were,fueron
people,personas
town,ciudad
said,dijo
commenting,comentando
conduct,conducta
bishop,Obispo
is,es
affectation,asignación
however,sin embargo
was,fue
remark,observación
was,fue
drawingrooms,drawingrooms
populace,población
perceives,percibe
jest,es
holy,Santo
deeds,obras
was,fue
bishop,Obispo
was,fue
shock,choque
have,han
guillotine,guillotina
was,fue
long,largo
time,tiempo
recovered,recuperado
fact,hecho
scaffold,andamio
is,es
has,ha
something,algo
produces,produce
hallucination,alucinación
feel,sentir
certain,ciertos
indifference,indiferencia
death,muerte
penalty,pena
refrain,Bordón
pronouncing,pronunciando
saying,diciendo:
yes,sí
so,por lo que
long,largo
has,ha
not,no
guillotine,guillotina
ones,unos
own,propia
eyes,ojos
encounters,encuentros
shock,choque
is,es
violent,violenta
is,es
decide,decidir
take,tomar
part,parte
admire,admirar
maistre,Maistre
others,otros
beccaria,Beccaria
guillotine,guillotina
is,es
concretion,concreción
law,Ley
is,es
vindicte,retribución
is,es
not,no
neutral,neutral
does,hace
not,no
permit,permiso
remain,siguen siendo
neutral,neutral
sees,Ve
shivers,escalofríos
most,la mayor parte
mysterious,misterioso
shivers,escalofríos
social,social
problems,problemas
interrogation,interrogatorio
point,punto
choppingknife,choppingknife
scaffold,andamio
is,es
vision,visión
scaffold,andamio
is,es
not,no
piece,pieza
carpentry,Carpintería
scaffold,andamio
is,es
not,no
machine,máquina
scaffold,andamio
is,es
not,no
inert,inerte
bit,bit
mechanism,mecanismo
wood,madera
iron,hierro
cords,cuerdas
seems,parece
were,fueron
being,ser
not,no
sombre,Oscuro
initiative,iniciativa
say,decir
piece,pieza
carpenters,carpinteros
saw,Sierra
machine,máquina
heard,oído
mechanism,mecanismo
understood,entendido
wood,madera
iron,hierro